name,cpp,fpga,absolute_difference,allowed_difference,bit_equal,pass
fx,1375.424072265625,1375.424072265625,0,0.027528481445312503,true,true
fy,1370.5921630859375,1370.5921630859375,0,0.02743184326171875,true,true
cx,661.8954467773438,661.8954467773438,0,0.013257908935546877,true,true
cy,209.18479919433594,209.18479919433594,0,0.004203695983886719,true,true
k1,-0.25408077239990234,-0.25408077239990234,0,0.000025081615447998048,true,true
k2,0.04092772305011749,0.040927719324827194,3.725290298461914e-9,0.000020818554461002352,false,true
k3,0,0,0,0.00002,true,true
p1,0.010197864845395088,0.010197864845395088,0,0.000020203957296907905,true,true
p2,-0.0007290704525075853,-0.0007290704525075853,0,0.000020014581409050155,true,true
rms,0.5425853875632358,0.5425853875632362,3.3306690738754696e-16,3.0851707751264715e-7,false,true
view0_rms,0.4999889758504657,0.4999889760777115,2.2724577775079524e-10,2.999977951700931e-7,false,true
view1_rms,0.5620572154947202,0.5620572155228092,2.8088975589923848e-11,3.12411443098944e-7,false,true
view2_rms,0.5632933684411391,0.5632933682114052,2.2973389857128268e-10,3.126586736882278e-7,false,true
max_error,1.316324305646546,1.316324306537052,8.905061132935543e-10,4.632648611293092e-7,false,true
view0_R00,0.8894282793515905,0.8894282793387076,1.2882916955447854e-11,0.00003778856558703181,false,true
view0_R01,-0.02196437237223322,-0.021964372371521615,7.11604386527398e-13,0.000020439287447444664,false,true
view0_R02,-0.45654671418811343,-0.45654671421324555,2.513211860843967e-11,0.00002913093428376227,false,true
view0_R10,0.050596959544620713,0.05059695966550534,1.2088462869597194e-10,0.000021011939190892415,false,true
view0_R11,0.9974372836849813,0.9974372836669967,1.7984613798205373e-11,0.00003994874567369963,false,true
view0_R12,0.05058470915173999,0.05058470938545072,2.337107313232778e-10,0.000021011694183034802,false,true
view0_R20,0.45426565308694544,0.45426565309870504,1.175959329913212e-11,0.00002908531306173891,false,true
view0_R21,-0.06809134645033824,-0.06809134671401659,2.636783569265333e-10,0.000021361826929006767,false,true
view0_R22,0.8882602574493981,0.8882602574231713,2.6226798510720073e-11,0.00003776520514898796,false,true
view0_t0,-3.912681020424937,-3.912681020888707,4.6376991136298784e-10,0.00009825362040849875,false,true
view0_t1,-0.5341369293478446,-0.5341369252828239,4.065020764443261e-9,0.000030682738586956896,false,true
view0_t2,13.702972235677434,13.70297223587692,1.9948664942148753e-10,0.0002940594447135487,false,true
view1_R00,0.9979760177520001,0.997976017750417,1.5830670108130107e-12,0.00003995952035504,false,true
view1_R01,0.003049383711396139,0.003049383712509715,1.1135758114233507e-12,0.000020060987674227924,false,true
view1_R02,-0.06351825919245944,-0.0635182592172771,2.48176618145024e-11,0.000021270365183849192,false,true
view1_R10,-0.0023422911275195147,-0.0023422911186458703,8.8736444407711e-12,0.00002004684582255039,false,true
view1_R11,0.9999344942902874,0.9999344942885989,1.688427175849938e-12,0.000039998689885805755,false,true
view1_R12,0.011203606593467027,0.011203606746016524,1.525494973397823e-10,0.000020224072131869344,false,true
view1_R20,0.06354826247926633,0.06354826250445278,2.5186450147707262e-11,0.000021270965249585327,false,true
view1_R21,-0.011032152437666295,-0.011032152590394802,1.527285069247153e-10,0.000020220643048753324,false,true
view1_R22,0.9979177871690926,0.9979177871658003,3.2923663795259017e-12,0.00003995835574338186,false,true
view1_t0,-4.68911922182857,-4.689119222341358,5.127871460786082e-10,0.00011378238443657142,false,true
view1_t1,-0.6529075991923077,-0.6529075946394953,4.552812349345459e-9,0.00003305815198384616,false,true
view1_t2,15.35413145166715,15.35413145157465,9.250022969808924e-11,0.000327082629033343,false,true
view2_R00,0.9682113615404555,0.9682113615501213,9.665823696991538e-12,0.00003936422723080911,false,true
view2_R01,-0.0773278271204471,-0.07732782710439594,1.6051160400820663e-11,0.000021546556542408946,false,true
view2_R02,0.23788057200370058,0.23788057196957632,3.412425897408866e-11,0.00002475761144007401,false,true
view2_R10,0.06602943165527554,0.06602943157816081,7.711473126725821e-11,0.000021320588633105514,false,true
view2_R11,0.9962943494485648,0.996294349439898,8.66673399713136e-12,0.0000399258869889713,false,true
view2_R12,0.05511518313625122,0.05511518338530063,2.4904941303693917e-10,0.000021102303662725027,false,true
view2_R20,-0.24126100708415113,-0.2412610070664655,1.768563073767382e-11,0.000024825220141683027,false,true
view2_R21,-0.03765602753466517,-0.03765602779692764,2.622624686865471e-10,0.000020753120550693305,false,true
view2_R22,0.9697294210505577,0.9697294210447737,5.7840399136921405e-12,0.00003939458842101116,false,true
view2_t0,-4.796485256480782,-4.796485257135018,6.54235776664791e-10,0.00011592970512961565,false,true
view2_t1,-1.2693790235263624,-1.2693790180357845,5.490577992262047e-9,0.000045387580470527254,false,true
view2_t2,18.65227843638379,18.652278436631732,2.4794388764348696e-10,0.0003930455687276758,false,true
