view,index,x_fp32_hex,y_fp32_hex
0,0,421371f7,41fc9f59
0,1,424de8d2,4204caca
0,2,428254ff,4209b2e0
0,3,429c4279,420e5869
0,4,42b4cc96,4212a451
0,5,42cbe612,42176688
0,6,42e272b6,421afbbb
0,7,42f7213b,421eec88
0,8,42117cf0,423726c3
0,9,4249f51c,423add49
0,10,427ef2b3,423e71ab
0,11,42991e00,4242047b
0,12,42b14025,4245bf74
0,13,42c86c4a,42489d4d
0,14,42de623e,424b48e5
0,15,42f2f32d,424e1951
0,16,420eae81,426e2434
0,17,4246384f,42708f9f
0,18,427a8905,42722682
0,19,429699e4,427386f7
0,20,42ae5c88,4276024b
0,21,42c4ca3f,42787935
0,22,42da8890,4279ba51
0,23,42eee8fa,427a6878
0,24,420c3791,4290e499
0,25,424251b5,4290f95d
0,26,427645b5,429146bd
0,27,429392d5,42920dc5
0,28,42ab2093,4292babe
0,29,42c15bdb,4292a114
0,30,42d6c351,42930749
0,31,42ead8f0,42936bb7
0,32,420a24d0,42a94282
0,33,423f0a30,42a959ae
0,34,42724e42,42a8eadd
0,35,429123fa,42a8f267
0,36,42a84d4a,42a8f7cd
0,37,42be4ff3,42a8a3f9
0,38,42d31340,42a8a963
0,39,42e70965,42a89582
1,0,4221678f,423ebb68
1,1,42494c15,4238427e
1,2,42712100,42318e2d
1,3,428d4121,4229c303
1,4,42a2bba4,422246bf
1,5,42b87489,421a78a6
1,6,42ceda83,4212552b
1,7,42e5964e,420a47b3
1,8,42212e3b,42663b6d
1,9,4249b6e5,425f79ac
1,10,4272af8a,425915c7
1,11,428ed36d,42520ac1
1,12,42a4cd43,424aecfd
1,13,42bb01c4,4243698d
1,14,42d1ff8b,423ca4a8
1,15,42e97885,4234c367
1,16,42217192,4287b444
1,17,424a6810,4284dded
1,18,42759ef6,42816346
1,19,4290525e,427cad8e
1,20,42a6dab6,42760feb
1,21,42bd929d,426e6c9b
1,22,42d53004,4267bb00
1,23,42ed7cdc,4260e003
1,24,42217eda,429d6a55
1,25,424b120b,429ad532
1,26,4276d0fb,4297703e
1,27,42919186,4294c32a
1,28,42a8db53,4291438b
1,29,42c0ab6c,428e777f
1,30,42d8f8e9,428ae2da
1,31,42f1bf81,428741c9
1,32,422149a0,42b466f8
1,33,424d1be5,42b17a8c
1,34,42795ff6,42aef58e
1,35,429366a1,42abfc01
1,36,42ab168d,42a92195
1,37,42c3452a,42a65430
1,38,42dcae5a,42a321de
1,39,42f680f9,42a0331d
2,0,423f028a,41df1967
2,1,42671af3,41e9aa63
2,2,42891fab,41f34842
2,3,42a06121,41fd3d09
2,4,42b8c973,42051d2d
2,5,42d26a31,420aba16
2,6,42ee0127,42119ac6
2,7,4305b52d,42193e5a
2,8,423a7913,421e50d9
2,9,42625917,42251b52
2,10,42866a4e,422ad880
2,11,429cedb5,4232329f
2,12,42b4b409,4239bf7e
2,13,42ce293f,4241a64b
2,14,42e90901,4249c4b6
2,15,430326da,425244f9
2,16,4235b351,424cda76
2,17,425da878,4253b1df
2,18,42834815,425b7bca
2,19,4299622b,4264534a
2,20,42b1018f,426d3879
2,21,42c9f804,42762f27
2,22,42e4cb25,42803fb9
2,23,43007ad0,42854d37
2,24,42317c33,42797241
2,25,425873d8,4280ff90
2,26,4280cf6e,428569bb
2,27,4296459b,428a6e14
2,28,42ad4dc2,428f4838
2,29,42c5c9db,4294f5e8
2,30,42e00762,429aa900
2,31,42fb9988,42a0e0af
2,32,422d2185,4292af94
2,33,42532f80,429785e4
2,34,427ac615,429cc25f
2,35,4293253a,42a2101f
2,36,42a9bcb1,42a7c031
2,37,42c21abe,42adc3de
2,38,42db59a4,42b4861a
2,39,42f71418,42bb4b57
