view_id,point_index,x,y,x_fp32_hex,y_fp32_hex
0,0,276.5704345703125,157.71533203125,438a4904,431db720
0,1,370.84283447265625,163.66432189941406,43b96be2,4323aa11
0,2,461.40325927734375,169.40234375,43e6b39e,43296700
0,3,547.877197265625,174.66375732421875,4408f824,432ea9ec
0,4,630.6026611328125,179.83999633789062,441da692,4333d70a
0,5,707.54083251953125,185.05856323242188,4430e29d,43390efe
0,6,780.54144287109375,189.99856567382812,444322a7,433dffa2
0,7,849.83587646484375,194.62837219238281,4454757f,4342a0dd
0,8,273.12353515625,255.60441589355469,43888fd0,437f9abb
0,9,368.9259033203125,259.35845947265625,43b87684,4381ade2
0,10,459.80844116210938,262.6746826171875,43e5e77b,4383565c
0,11,546.800537109375,265.61587524414062,4408b33c,4384ced5
0,12,629.015380859375,268.52655029296875,441d40fc,43864366
0,13,706.15240478515625,270.92227172851562,443089c1,4387760d
0,14,779.33636474609375,273.61944580078125,4442d587,4388cf4a
0,15,849.05889892578125,275.86410522460938,445443c5,4389ee9b
0,16,269.38327026367188,354.75445556640625,4386b10f,43b16092
0,17,364.62393188476562,355.88467407226562,43b64fdd,43b1f13d
0,18,456.21090698242188,356.75711059570312,43e41aff,43b260e9
0,19,543.54998779296875,357.3026123046875,4407e333,43b2a6bc
0,20,626.1744384765625,357.42459106445312,441c8b2a,43b2b659
0,21,704.0875244140625,357.57498168945312,4430059a,43b2c999
0,22,777.88262939453125,357.5230712890625,4442787d,43b2c2f4
0,23,847.50787353515625,357.58432006835938,4453e081,43b2cacb
0,24,266.9407958984375,453.93356323242188,4385786c,43e2f77f
0,25,362.2369384765625,452.69113159179688,43b51e54,43e25877
0,26,453.472900390625,450.81051635742188,43e2bc88,43e167bf
0,27,541.13348388671875,449.02130126953125,4407488b,43e082ba
0,28,624.4886474609375,446.510986328125,441c1f46,43df4168
0,29,702.7740478515625,444.15264892578125,442fb18a,43de138a
0,30,776.0364990234375,441.63046264648438,44420256,43dcd0b3
0,31,845.08935546875,438.6644287109375,445345b8,43db550c
0,32,265.85757446289062,552.368408203125,4384edc5,440a1794
0,33,360.74130249023438,548.690673828125,43b45ee3,44092c34
0,34,451.63345336914062,545.037353515625,43e1d115,44084264
0,35,539.50823974609375,540.48529052734375,4406e087,44071f0f
0,36,623.01483154296875,535.957275390625,441bc0f3,4405fd44
0,37,700.5611572265625,530.76055908203125,442f23ea,4404b0ad
0,38,774.34332275390625,525.5045166015625,444195f9,4403604a
0,39,843.20465087890625,520.27581787109375,4452cd19,440211a7
1,0,252.75970458984375,153.71768188476562,437cc27c,4319b7ba
1,1,338.9139404296875,152.87828063964844,43a974fc,4318e0d7
1,2,425.55538940429688,152.15652465820312,43d4c717,43182812
1,3,512.71527099609375,151.22027587890625,44002dc7,43173864
1,4,600.93719482421875,150.89910888671875,44163bfb,4316e62c
1,5,688.1826171875,150.80325317382812,442c0bb0,4316cda2
1,6,775.59423828125,150.88600158691406,4441e608,4316e2d1
1,7,861.3092041015625,150.8609619140625,445753ca,4316dc68
1,8,250.94859313964844,240.76181030273438,437af2d7,4370c306
1,9,336.9775390625,240.74644470214844,43a87d20,4370bf17
1,10,424.5894775390625,240.1558837890625,43d44b74,437027e8
1,11,512.8583984375,239.36619567871094,440036f0,436f5dbf
1,12,601.03680419921875,238.87272644042969,4416425b,436edf6b
1,13,688.3873291015625,238.70242309570312,442c18ca,436eb3d2
1,14,775.67578125,238.4395751953125,4441eb40,436e7088
1,15,861.7647705078125,237.74137878417969,445770f2,436dbdcb
1,16,250.974853515625,328.79531860351562,437af990,43a465cd
1,17,337.4559326171875,328.56985473632812,43a8ba5c,43a448f1
1,18,424.57730102539062,328.25265502929688,43d449e5,43a42057
1,19,512.46484375,327.36688232421875,44001dc0,43a3aef6
1,20,600.74810791015625,326.95709228515625,44162fe1,43a37a82
1,21,688.3218994140625,326.38818359375,442c149a,43a331b0
1,22,775.6500244140625,325.28030395507812,4441e99a,43a2a3e1
1,23,861.672119140625,324.60678100585938,44576b04,43a24dab
1,24,251.87115478515625,415.64935302734375,437bdf04,43cfd31e
1,25,338.61932373046875,415.73526000976562,43a94f46,43cfde1d
1,26,424.76254272460938,415.4669189453125,43d4619b,43cfbbc4
1,27,512.6610107421875,415.02154541015625,44002a4e,43cf82c2
1,28,600.9251708984375,414.31845092773438,44163b36,43cf28c3
1,29,688.1734619140625,413.53408813476562,442c0b1a,43cec45d
1,30,775.7740478515625,412.19009399414062,4441f18a,43ce1855
1,31,861.293212890625,410.28524780273438,445752c4,43cd2483
1,32,253.99937438964844,501.8092041015625,437dffd7,43fae794
1,33,339.76910400390625,502.74322509765625,43a9e272,43fb5f22
1,34,425.94351196289062,502.8922119140625,43d4f8c5,43fb7234
1,35,513.79412841796875,502.40676879882812,440072d3,43fb3411
1,36,601.3314208984375,501.66079711914062,44165536,43fad495
1,37,688.93292236328125,500.28607177734375,442c3bb5,43fa249e
1,38,775.34991455078125,498.29345703125,4441d665,43f92590
1,39,860.51177978515625,495.67391967773438,445720c1,43f7d643
2,0,315.7266845703125,118.57801055908203,439ddd04,42ed27f1
2,1,380.40289306640625,121.66466522216797,43be3392,42f3544f
2,2,447.63543701171875,124.87786865234375,43dfd156,42f9c178
2,3,518.0672607421875,128.31892395019531,4401844e,430051a5
2,4,590.73541259765625,131.47218322753906,4413af11,430378e1
2,5,664.96441650390625,135.29826354980469,44263db9,43074c5b
2,6,742.73443603515625,139.16081237792969,4439af01,430b292b
2,7,821.991943359375,143.87614440917969,444d7f7c,430fe04b
2,8,306.63198852539062,190.53736877441406,439950e5,433e8991
2,9,371.753662109375,194.80056762695312,43b9e078,4342ccf2
2,10,439.69302368164062,199.08226013183594,43dbd8b5,4347150f
2,11,511.0155029296875,203.7305908203125,43ff81fc,434bbb08
2,12,583.92205810546875,208.93141174316406,4411fb03,4350ee71
2,13,658.91064453125,213.87716674804688,4424ba48,4355e08e
2,14,736.3507080078125,219.11141967773438,44381672,435b1c86
2,15,815.75323486328125,224.93426513671875,444bf035,4360ef2c
2,16,300.91845703125,262.58029174804688,43967590,43834a47
2,17,366.79959106445312,268.39276123046875,43b76659,43863246
2,18,434.18072509765625,273.97467041015625,43d91722,4388fcc2
2,19,504.9178466796875,280.13104248046875,43fc757c,438c10c6
2,20,577.70062255859375,286.34185791015625,44106cd7,438f2bc2
2,21,652.71429443359375,292.5078125,44232db7,43924100
2,22,730.61981201171875,298.95498657226562,4436a7ab,43957a3d
2,23,810.3638916015625,305.63519287109375,444a974a,4398d14e
2,24,294.88580322265625,334.94305419921875,43937162,43a778b6
2,25,360.59390258789062,341.86978149414062,43b44c05,43aaef55
2,26,428.34750366210938,349.177490234375,43d62c7b,43ae96b8
2,27,498.91958618164062,356.22991943359375,43f975b5,43b21d6e
2,28,571.489990234375,363.6497802734375,440edf5c,43b5d32c
2,29,646.76605224609375,371.18789672851562,4421b107,43b9980d
2,30,724.41864013671875,378.33853149414062,44351acb,43bd2b55
2,31,804.45440673828125,386.537109375,44491d15,43c144c0
2,32,290.23880004882812,407.43548583984375,43911e91,43cbb7be
2,33,355.28622436523438,415.12216186523438,43b1a4a3,43cf8fa3
2,34,423.070556640625,424.0157470703125,43d38908,43d40204
2,35,492.94818115234375,432.65509033203125,43f6795e,43d853da
2,36,565.265625,441.46810913085938,440d5100,43dcbbeb
2,37,640.71826171875,449.98684692382812,44202df8,43e0fe51
2,38,718.37652587890625,458.55502319335938,44339819,43e5470b
2,39,798.20538330078125,466.97344970703125,44478d25,43e97c9a
